[
    {
        "areaId": "0",
        "margins": {
            "north": 9.908972567284216,
            "south": 9.70988118064566,
            "east": 79.9097612065906,
            "west": 79.6900346440906
        }
    },
    {
        "areaId": "1",
        "margins": {
            "north": 9.908972567284216,
            "south": 9.70988118064566,
            "east": 80.1294877690906,
            "west": 79.9097612065906
        }
    },
    {
        "areaId": "2",
        "margins": {
            "north": 9.908972567284216,
            "south": 9.70988118064566,
            "east": 80.3492143315906,
            "west": 80.1294877690906
        }
    },
    {
        "areaId": "3",
        "margins": {
            "north": 9.908972567284216,
            "south": 9.70988118064566,
            "east": 80.5689408940906,
            "west": 80.3492143315906
        }
    },
    {
        "areaId": "4",
        "margins": {
            "north": 9.908972567284216,
            "south": 9.70988118064566,
            "east": 80.7886674565906,
            "west": 80.5689408940906
        }
    },
    {
        "areaId": "5",
        "margins": {
            "north": 9.908972567284216,
            "south": 9.70988118064566,
            "east": 81.0083940190906,
            "west": 80.7886674565906
        }
    },
    {
        "areaId": "6",
        "margins": {
            "north": 9.908972567284216,
            "south": 9.70988118064566,
            "east": 81.2281205815906,
            "west": 81.0083940190906
        }
    },
    {
        "areaId": "7",
        "margins": {
            "north": 9.908972567284216,
            "south": 9.70988118064566,
            "east": 81.4478471440906,
            "west": 81.2281205815906
        }
    },
    {
        "areaId": "8",
        "margins": {
            "north": 9.908972567284216,
            "south": 9.70988118064566,
            "east": 81.6675737065906,
            "west": 81.4478471440906
        }
    },
    {
        "areaId": "9",
        "margins": {
            "north": 9.908972567284216,
            "south": 9.70988118064566,
            "east": 81.8873002690906,
            "west": 81.6675737065906
        }
    },
    {
        "areaId": "10",
        "margins": {
            "north": 9.70988118064566,
            "south": 9.510789794007103,
            "east": 79.9097612065906,
            "west": 79.6900346440906
        }
    },
    {
        "areaId": "11",
        "margins": {
            "north": 9.70988118064566,
            "south": 9.510789794007103,
            "east": 80.1294877690906,
            "west": 79.9097612065906
        }
    },
    {
        "areaId": "12",
        "margins": {
            "north": 9.70988118064566,
            "south": 9.510789794007103,
            "east": 80.3492143315906,
            "west": 80.1294877690906
        }
    },
    {
        "areaId": "13",
        "margins": {
            "north": 9.70988118064566,
            "south": 9.510789794007103,
            "east": 80.5689408940906,
            "west": 80.3492143315906
        }
    },
    {
        "areaId": "14",
        "margins": {
            "north": 9.70988118064566,
            "south": 9.510789794007103,
            "east": 80.7886674565906,
            "west": 80.5689408940906
        }
    },
    {
        "areaId": "15",
        "margins": {
            "north": 9.70988118064566,
            "south": 9.510789794007103,
            "east": 81.0083940190906,
            "west": 80.7886674565906
        }
    },
    {
        "areaId": "16",
        "margins": {
            "north": 9.70988118064566,
            "south": 9.510789794007103,
            "east": 81.2281205815906,
            "west": 81.0083940190906
        }
    },
    {
        "areaId": "17",
        "margins": {
            "north": 9.70988118064566,
            "south": 9.510789794007103,
            "east": 81.4478471440906,
            "west": 81.2281205815906
        }
    },
    {
        "areaId": "18",
        "margins": {
            "north": 9.70988118064566,
            "south": 9.510789794007103,
            "east": 81.6675737065906,
            "west": 81.4478471440906
        }
    },
    {
        "areaId": "19",
        "margins": {
            "north": 9.70988118064566,
            "south": 9.510789794007103,
            "east": 81.8873002690906,
            "west": 81.6675737065906
        }
    },
    {
        "areaId": "20",
        "margins": {
            "north": 9.510789794007101,
            "south": 9.311698407368544,
            "east": 79.9097612065906,
            "west": 79.6900346440906
        }
    },
    {
        "areaId": "21",
        "margins": {
            "north": 9.510789794007101,
            "south": 9.311698407368544,
            "east": 80.1294877690906,
            "west": 79.9097612065906
        }
    },
    {
        "areaId": "22",
        "margins": {
            "north": 9.510789794007101,
            "south": 9.311698407368544,
            "east": 80.3492143315906,
            "west": 80.1294877690906
        }
    },
    {
        "areaId": "23",
        "margins": {
            "north": 9.510789794007101,
            "south": 9.311698407368544,
            "east": 80.5689408940906,
            "west": 80.3492143315906
        }
    },
    {
        "areaId": "24",
        "margins": {
            "north": 9.510789794007101,
            "south": 9.311698407368544,
            "east": 80.7886674565906,
            "west": 80.5689408940906
        }
    },
    {
        "areaId": "25",
        "margins": {
            "north": 9.510789794007101,
            "south": 9.311698407368544,
            "east": 81.0083940190906,
            "west": 80.7886674565906
        }
    },
    {
        "areaId": "26",
        "margins": {
            "north": 9.510789794007101,
            "south": 9.311698407368544,
            "east": 81.2281205815906,
            "west": 81.0083940190906
        }
    },
    {
        "areaId": "27",
        "margins": {
            "north": 9.510789794007101,
            "south": 9.311698407368544,
            "east": 81.4478471440906,
            "west": 81.2281205815906
        }
    },
    {
        "areaId": "28",
        "margins": {
            "north": 9.510789794007101,
            "south": 9.311698407368544,
            "east": 81.6675737065906,
            "west": 81.4478471440906
        }
    },
    {
        "areaId": "29",
        "margins": {
            "north": 9.510789794007101,
            "south": 9.311698407368544,
            "east": 81.8873002690906,
            "west": 81.6675737065906
        }
    },
    {
        "areaId": "30",
        "margins": {
            "north": 9.311698407368544,
            "south": 9.112607020729987,
            "east": 79.9097612065906,
            "west": 79.6900346440906
        }
    },
    {
        "areaId": "31",
        "margins": {
            "north": 9.311698407368544,
            "south": 9.112607020729987,
            "east": 80.1294877690906,
            "west": 79.9097612065906
        }
    },
    {
        "areaId": "32",
        "margins": {
            "north": 9.311698407368544,
            "south": 9.112607020729987,
            "east": 80.3492143315906,
            "west": 80.1294877690906
        }
    },
    {
        "areaId": "33",
        "margins": {
            "north": 9.311698407368544,
            "south": 9.112607020729987,
            "east": 80.5689408940906,
            "west": 80.3492143315906
        }
    },
    {
        "areaId": "34",
        "margins": {
            "north": 9.311698407368544,
            "south": 9.112607020729987,
            "east": 80.7886674565906,
            "west": 80.5689408940906
        }
    },
    {
        "areaId": "35",
        "margins": {
            "north": 9.311698407368544,
            "south": 9.112607020729987,
            "east": 81.0083940190906,
            "west": 80.7886674565906
        }
    },
    {
        "areaId": "36",
        "margins": {
            "north": 9.311698407368544,
            "south": 9.112607020729987,
            "east": 81.2281205815906,
            "west": 81.0083940190906
        }
    },
    {
        "areaId": "37",
        "margins": {
            "north": 9.311698407368544,
            "south": 9.112607020729987,
            "east": 81.4478471440906,
            "west": 81.2281205815906
        }
    },
    {
        "areaId": "38",
        "margins": {
            "north": 9.311698407368544,
            "south": 9.112607020729987,
            "east": 81.6675737065906,
            "west": 81.4478471440906
        }
    },
    {
        "areaId": "39",
        "margins": {
            "north": 9.311698407368544,
            "south": 9.112607020729987,
            "east": 81.8873002690906,
            "west": 81.6675737065906
        }
    },
    {
        "areaId": "40",
        "margins": {
            "north": 9.112607020729985,
            "south": 8.913515634091429,
            "east": 79.9097612065906,
            "west": 79.6900346440906
        }
    },
    {
        "areaId": "41",
        "margins": {
            "north": 9.112607020729985,
            "south": 8.913515634091429,
            "east": 80.1294877690906,
            "west": 79.9097612065906
        }
    },
    {
        "areaId": "42",
        "margins": {
            "north": 9.112607020729985,
            "south": 8.913515634091429,
            "east": 80.3492143315906,
            "west": 80.1294877690906
        }
    },
    {
        "areaId": "43",
        "margins": {
            "north": 9.112607020729985,
            "south": 8.913515634091429,
            "east": 80.5689408940906,
            "west": 80.3492143315906
        }
    },
    {
        "areaId": "44",
        "margins": {
            "north": 9.112607020729985,
            "south": 8.913515634091429,
            "east": 80.7886674565906,
            "west": 80.5689408940906
        }
    },
    {
        "areaId": "45",
        "margins": {
            "north": 9.112607020729985,
            "south": 8.913515634091429,
            "east": 81.0083940190906,
            "west": 80.7886674565906
        }
    },
    {
        "areaId": "46",
        "margins": {
            "north": 9.112607020729985,
            "south": 8.913515634091429,
            "east": 81.2281205815906,
            "west": 81.0083940190906
        }
    },
    {
        "areaId": "47",
        "margins": {
            "north": 9.112607020729985,
            "south": 8.913515634091429,
            "east": 81.4478471440906,
            "west": 81.2281205815906
        }
    },
    {
        "areaId": "48",
        "margins": {
            "north": 9.112607020729985,
            "south": 8.913515634091429,
            "east": 81.6675737065906,
            "west": 81.4478471440906
        }
    },
    {
        "areaId": "49",
        "margins": {
            "north": 9.112607020729985,
            "south": 8.913515634091429,
            "east": 81.8873002690906,
            "west": 81.6675737065906
        }
    },
    {
        "areaId": "50",
        "margins": {
            "north": 8.913515634091429,
            "south": 8.714424247452872,
            "east": 79.9097612065906,
            "west": 79.6900346440906
        }
    },
    {
        "areaId": "51",
        "margins": {
            "north": 8.913515634091429,
            "south": 8.714424247452872,
            "east": 80.1294877690906,
            "west": 79.9097612065906
        }
    },
    {
        "areaId": "52",
        "margins": {
            "north": 8.913515634091429,
            "south": 8.714424247452872,
            "east": 80.3492143315906,
            "west": 80.1294877690906
        }
    },
    {
        "areaId": "53",
        "margins": {
            "north": 8.913515634091429,
            "south": 8.714424247452872,
            "east": 80.5689408940906,
            "west": 80.3492143315906
        }
    },
    {
        "areaId": "54",
        "margins": {
            "north": 8.913515634091429,
            "south": 8.714424247452872,
            "east": 80.7886674565906,
            "west": 80.5689408940906
        }
    },
    {
        "areaId": "55",
        "margins": {
            "north": 8.913515634091429,
            "south": 8.714424247452872,
            "east": 81.0083940190906,
            "west": 80.7886674565906
        }
    },
    {
        "areaId": "56",
        "margins": {
            "north": 8.913515634091429,
            "south": 8.714424247452872,
            "east": 81.2281205815906,
            "west": 81.0083940190906
        }
    },
    {
        "areaId": "57",
        "margins": {
            "north": 8.913515634091429,
            "south": 8.714424247452872,
            "east": 81.4478471440906,
            "west": 81.2281205815906
        }
    },
    {
        "areaId": "58",
        "margins": {
            "north": 8.913515634091429,
            "south": 8.714424247452872,
            "east": 81.6675737065906,
            "west": 81.4478471440906
        }
    },
    {
        "areaId": "59",
        "margins": {
            "north": 8.913515634091429,
            "south": 8.714424247452872,
            "east": 81.8873002690906,
            "west": 81.6675737065906
        }
    },
    {
        "areaId": "60",
        "margins": {
            "north": 8.714424247452872,
            "south": 8.515332860814315,
            "east": 79.9097612065906,
            "west": 79.6900346440906
        }
    },
    {
        "areaId": "61",
        "margins": {
            "north": 8.714424247452872,
            "south": 8.515332860814315,
            "east": 80.1294877690906,
            "west": 79.9097612065906
        }
    },
    {
        "areaId": "62",
        "margins": {
            "north": 8.714424247452872,
            "south": 8.515332860814315,
            "east": 80.3492143315906,
            "west": 80.1294877690906
        }
    },
    {
        "areaId": "63",
        "margins": {
            "north": 8.714424247452872,
            "south": 8.515332860814315,
            "east": 80.5689408940906,
            "west": 80.3492143315906
        }
    },
    {
        "areaId": "64",
        "margins": {
            "north": 8.714424247452872,
            "south": 8.515332860814315,
            "east": 80.7886674565906,
            "west": 80.5689408940906
        }
    },
    {
        "areaId": "65",
        "margins": {
            "north": 8.714424247452872,
            "south": 8.515332860814315,
            "east": 81.0083940190906,
            "west": 80.7886674565906
        }
    },
    {
        "areaId": "66",
        "margins": {
            "north": 8.714424247452872,
            "south": 8.515332860814315,
            "east": 81.2281205815906,
            "west": 81.0083940190906
        }
    },
    {
        "areaId": "67",
        "margins": {
            "north": 8.714424247452872,
            "south": 8.515332860814315,
            "east": 81.4478471440906,
            "west": 81.2281205815906
        }
    },
    {
        "areaId": "68",
        "margins": {
            "north": 8.714424247452872,
            "south": 8.515332860814315,
            "east": 81.6675737065906,
            "west": 81.4478471440906
        }
    },
    {
        "areaId": "69",
        "margins": {
            "north": 8.714424247452872,
            "south": 8.515332860814315,
            "east": 81.8873002690906,
            "west": 81.6675737065906
        }
    },
    {
        "areaId": "70",
        "margins": {
            "north": 8.515332860814313,
            "south": 8.316241474175756,
            "east": 79.9097612065906,
            "west": 79.6900346440906
        }
    },
    {
        "areaId": "71",
        "margins": {
            "north": 8.515332860814313,
            "south": 8.316241474175756,
            "east": 80.1294877690906,
            "west": 79.9097612065906
        }
    },
    {
        "areaId": "72",
        "margins": {
            "north": 8.515332860814313,
            "south": 8.316241474175756,
            "east": 80.3492143315906,
            "west": 80.1294877690906
        }
    },
    {
        "areaId": "73",
        "margins": {
            "north": 8.515332860814313,
            "south": 8.316241474175756,
            "east": 80.5689408940906,
            "west": 80.3492143315906
        }
    },
    {
        "areaId": "74",
        "margins": {
            "north": 8.515332860814313,
            "south": 8.316241474175756,
            "east": 80.7886674565906,
            "west": 80.5689408940906
        }
    },
    {
        "areaId": "75",
        "margins": {
            "north": 8.515332860814313,
            "south": 8.316241474175756,
            "east": 81.0083940190906,
            "west": 80.7886674565906
        }
    },
    {
        "areaId": "76",
        "margins": {
            "north": 8.515332860814313,
            "south": 8.316241474175756,
            "east": 81.2281205815906,
            "west": 81.0083940190906
        }
    },
    {
        "areaId": "77",
        "margins": {
            "north": 8.515332860814313,
            "south": 8.316241474175756,
            "east": 81.4478471440906,
            "west": 81.2281205815906
        }
    },
    {
        "areaId": "78",
        "margins": {
            "north": 8.515332860814313,
            "south": 8.316241474175756,
            "east": 81.6675737065906,
            "west": 81.4478471440906
        }
    },
    {
        "areaId": "79",
        "margins": {
            "north": 8.515332860814313,
            "south": 8.316241474175756,
            "east": 81.8873002690906,
            "west": 81.6675737065906
        }
    },
    {
        "areaId": "80",
        "margins": {
            "north": 8.316241474175756,
            "south": 8.1171500875372,
            "east": 79.9097612065906,
            "west": 79.6900346440906
        }
    },
    {
        "areaId": "81",
        "margins": {
            "north": 8.316241474175756,
            "south": 8.1171500875372,
            "east": 80.1294877690906,
            "west": 79.9097612065906
        }
    },
    {
        "areaId": "82",
        "margins": {
            "north": 8.316241474175756,
            "south": 8.1171500875372,
            "east": 80.3492143315906,
            "west": 80.1294877690906
        }
    },
    {
        "areaId": "83",
        "margins": {
            "north": 8.316241474175756,
            "south": 8.1171500875372,
            "east": 80.5689408940906,
            "west": 80.3492143315906
        }
    },
    {
        "areaId": "84",
        "margins": {
            "north": 8.316241474175756,
            "south": 8.1171500875372,
            "east": 80.7886674565906,
            "west": 80.5689408940906
        }
    },
    {
        "areaId": "85",
        "margins": {
            "north": 8.316241474175756,
            "south": 8.1171500875372,
            "east": 81.0083940190906,
            "west": 80.7886674565906
        }
    },
    {
        "areaId": "86",
        "margins": {
            "north": 8.316241474175756,
            "south": 8.1171500875372,
            "east": 81.2281205815906,
            "west": 81.0083940190906
        }
    },
    {
        "areaId": "87",
        "margins": {
            "north": 8.316241474175756,
            "south": 8.1171500875372,
            "east": 81.4478471440906,
            "west": 81.2281205815906
        }
    },
    {
        "areaId": "88",
        "margins": {
            "north": 8.316241474175756,
            "south": 8.1171500875372,
            "east": 81.6675737065906,
            "west": 81.4478471440906
        }
    },
    {
        "areaId": "89",
        "margins": {
            "north": 8.316241474175756,
            "south": 8.1171500875372,
            "east": 81.8873002690906,
            "west": 81.6675737065906
        }
    },
    {
        "areaId": "90",
        "margins": {
            "north": 8.117150087537198,
            "south": 7.91805870089864,
            "east": 79.9097612065906,
            "west": 79.6900346440906
        }
    },
    {
        "areaId": "91",
        "margins": {
            "north": 8.117150087537198,
            "south": 7.91805870089864,
            "east": 80.1294877690906,
            "west": 79.9097612065906
        }
    },
    {
        "areaId": "92",
        "margins": {
            "north": 8.117150087537198,
            "south": 7.91805870089864,
            "east": 80.3492143315906,
            "west": 80.1294877690906
        }
    },
    {
        "areaId": "93",
        "margins": {
            "north": 8.117150087537198,
            "south": 7.91805870089864,
            "east": 80.5689408940906,
            "west": 80.3492143315906
        }
    },
    {
        "areaId": "94",
        "margins": {
            "north": 8.117150087537198,
            "south": 7.91805870089864,
            "east": 80.7886674565906,
            "west": 80.5689408940906
        }
    },
    {
        "areaId": "95",
        "margins": {
            "north": 8.117150087537198,
            "south": 7.91805870089864,
            "east": 81.0083940190906,
            "west": 80.7886674565906
        }
    },
    {
        "areaId": "96",
        "margins": {
            "north": 8.117150087537198,
            "south": 7.91805870089864,
            "east": 81.2281205815906,
            "west": 81.0083940190906
        }
    },
    {
        "areaId": "97",
        "margins": {
            "north": 8.117150087537198,
            "south": 7.91805870089864,
            "east": 81.4478471440906,
            "west": 81.2281205815906
        }
    },
    {
        "areaId": "98",
        "margins": {
            "north": 8.117150087537198,
            "south": 7.91805870089864,
            "east": 81.6675737065906,
            "west": 81.4478471440906
        }
    },
    {
        "areaId": "99",
        "margins": {
            "north": 8.117150087537198,
            "south": 7.91805870089864,
            "east": 81.8873002690906,
            "west": 81.6675737065906
        }
    },
    {
        "areaId": "100",
        "margins": {
            "north": 7.918058700898641,
            "south": 7.718967314260083,
            "east": 79.9097612065906,
            "west": 79.6900346440906
        }
    },
    {
        "areaId": "101",
        "margins": {
            "north": 7.918058700898641,
            "south": 7.718967314260083,
            "east": 80.1294877690906,
            "west": 79.9097612065906
        }
    },
    {
        "areaId": "102",
        "margins": {
            "north": 7.918058700898641,
            "south": 7.718967314260083,
            "east": 80.3492143315906,
            "west": 80.1294877690906
        }
    },
    {
        "areaId": "103",
        "margins": {
            "north": 7.918058700898641,
            "south": 7.718967314260083,
            "east": 80.5689408940906,
            "west": 80.3492143315906
        }
    },
    {
        "areaId": "104",
        "margins": {
            "north": 7.918058700898641,
            "south": 7.718967314260083,
            "east": 80.7886674565906,
            "west": 80.5689408940906
        }
    },
    {
        "areaId": "105",
        "margins": {
            "north": 7.918058700898641,
            "south": 7.718967314260083,
            "east": 81.0083940190906,
            "west": 80.7886674565906
        }
    },
    {
        "areaId": "106",
        "margins": {
            "north": 7.918058700898641,
            "south": 7.718967314260083,
            "east": 81.2281205815906,
            "west": 81.0083940190906
        }
    },
    {
        "areaId": "107",
        "margins": {
            "north": 7.918058700898641,
            "south": 7.718967314260083,
            "east": 81.4478471440906,
            "west": 81.2281205815906
        }
    },
    {
        "areaId": "108",
        "margins": {
            "north": 7.918058700898641,
            "south": 7.718967314260083,
            "east": 81.6675737065906,
            "west": 81.4478471440906
        }
    },
    {
        "areaId": "109",
        "margins": {
            "north": 7.918058700898641,
            "south": 7.718967314260083,
            "east": 81.8873002690906,
            "west": 81.6675737065906
        }
    },
    {
        "areaId": "110",
        "margins": {
            "north": 7.718967314260082,
            "south": 7.519875927621524,
            "east": 79.9097612065906,
            "west": 79.6900346440906
        }
    },
    {
        "areaId": "111",
        "margins": {
            "north": 7.718967314260082,
            "south": 7.519875927621524,
            "east": 80.1294877690906,
            "west": 79.9097612065906
        }
    },
    {
        "areaId": "112",
        "margins": {
            "north": 7.718967314260082,
            "south": 7.519875927621524,
            "east": 80.3492143315906,
            "west": 80.1294877690906
        }
    },
    {
        "areaId": "113",
        "margins": {
            "north": 7.718967314260082,
            "south": 7.519875927621524,
            "east": 80.5689408940906,
            "west": 80.3492143315906
        }
    },
    {
        "areaId": "114",
        "margins": {
            "north": 7.718967314260082,
            "south": 7.519875927621524,
            "east": 80.7886674565906,
            "west": 80.5689408940906
        }
    },
    {
        "areaId": "115",
        "margins": {
            "north": 7.718967314260082,
            "south": 7.519875927621524,
            "east": 81.0083940190906,
            "west": 80.7886674565906
        }
    },
    {
        "areaId": "116",
        "margins": {
            "north": 7.718967314260082,
            "south": 7.519875927621524,
            "east": 81.2281205815906,
            "west": 81.0083940190906
        }
    },
    {
        "areaId": "117",
        "margins": {
            "north": 7.718967314260082,
            "south": 7.519875927621524,
            "east": 81.4478471440906,
            "west": 81.2281205815906
        }
    },
    {
        "areaId": "118",
        "margins": {
            "north": 7.718967314260082,
            "south": 7.519875927621524,
            "east": 81.6675737065906,
            "west": 81.4478471440906
        }
    },
    {
        "areaId": "119",
        "margins": {
            "north": 7.718967314260082,
            "south": 7.519875927621524,
            "east": 81.8873002690906,
            "west": 81.6675737065906
        }
    },
    {
        "areaId": "120",
        "margins": {
            "north": 7.519875927621525,
            "south": 7.3207845409829675,
            "east": 79.9097612065906,
            "west": 79.6900346440906
        }
    },
    {
        "areaId": "121",
        "margins": {
            "north": 7.519875927621525,
            "south": 7.3207845409829675,
            "east": 80.1294877690906,
            "west": 79.9097612065906
        }
    },
    {
        "areaId": "122",
        "margins": {
            "north": 7.519875927621525,
            "south": 7.3207845409829675,
            "east": 80.3492143315906,
            "west": 80.1294877690906
        }
    },
    {
        "areaId": "123",
        "margins": {
            "north": 7.519875927621525,
            "south": 7.3207845409829675,
            "east": 80.5689408940906,
            "west": 80.3492143315906
        }
    },
    {
        "areaId": "124",
        "margins": {
            "north": 7.519875927621525,
            "south": 7.3207845409829675,
            "east": 80.7886674565906,
            "west": 80.5689408940906
        }
    },
    {
        "areaId": "125",
        "margins": {
            "north": 7.519875927621525,
            "south": 7.3207845409829675,
            "east": 81.0083940190906,
            "west": 80.7886674565906
        }
    },
    {
        "areaId": "126",
        "margins": {
            "north": 7.519875927621525,
            "south": 7.3207845409829675,
            "east": 81.2281205815906,
            "west": 81.0083940190906
        }
    },
    {
        "areaId": "127",
        "margins": {
            "north": 7.519875927621525,
            "south": 7.3207845409829675,
            "east": 81.4478471440906,
            "west": 81.2281205815906
        }
    },
    {
        "areaId": "128",
        "margins": {
            "north": 7.519875927621525,
            "south": 7.3207845409829675,
            "east": 81.6675737065906,
            "west": 81.4478471440906
        }
    },
    {
        "areaId": "129",
        "margins": {
            "north": 7.519875927621525,
            "south": 7.3207845409829675,
            "east": 81.8873002690906,
            "west": 81.6675737065906
        }
    },
    {
        "areaId": "130",
        "margins": {
            "north": 7.3207845409829675,
            "south": 7.12169315434441,
            "east": 79.9097612065906,
            "west": 79.6900346440906
        }
    },
    {
        "areaId": "131",
        "margins": {
            "north": 7.3207845409829675,
            "south": 7.12169315434441,
            "east": 80.1294877690906,
            "west": 79.9097612065906
        }
    },
    {
        "areaId": "132",
        "margins": {
            "north": 7.3207845409829675,
            "south": 7.12169315434441,
            "east": 80.3492143315906,
            "west": 80.1294877690906
        }
    },
    {
        "areaId": "133",
        "margins": {
            "north": 7.3207845409829675,
            "south": 7.12169315434441,
            "east": 80.5689408940906,
            "west": 80.3492143315906
        }
    },
    {
        "areaId": "134",
        "margins": {
            "north": 7.3207845409829675,
            "south": 7.12169315434441,
            "east": 80.7886674565906,
            "west": 80.5689408940906
        }
    },
    {
        "areaId": "135",
        "margins": {
            "north": 7.3207845409829675,
            "south": 7.12169315434441,
            "east": 81.0083940190906,
            "west": 80.7886674565906
        }
    },
    {
        "areaId": "136",
        "margins": {
            "north": 7.3207845409829675,
            "south": 7.12169315434441,
            "east": 81.2281205815906,
            "west": 81.0083940190906
        }
    },
    {
        "areaId": "137",
        "margins": {
            "north": 7.3207845409829675,
            "south": 7.12169315434441,
            "east": 81.4478471440906,
            "west": 81.2281205815906
        }
    },
    {
        "areaId": "138",
        "margins": {
            "north": 7.3207845409829675,
            "south": 7.12169315434441,
            "east": 81.6675737065906,
            "west": 81.4478471440906
        }
    },
    {
        "areaId": "139",
        "margins": {
            "north": 7.3207845409829675,
            "south": 7.12169315434441,
            "east": 81.8873002690906,
            "west": 81.6675737065906
        }
    },
    {
        "areaId": "140",
        "margins": {
            "north": 7.12169315434441,
            "south": 6.922601767705852,
            "east": 79.9097612065906,
            "west": 79.6900346440906
        }
    },
    {
        "areaId": "141",
        "margins": {
            "north": 7.12169315434441,
            "south": 6.922601767705852,
            "east": 80.1294877690906,
            "west": 79.9097612065906
        }
    },
    {
        "areaId": "142",
        "margins": {
            "north": 7.12169315434441,
            "south": 6.922601767705852,
            "east": 80.3492143315906,
            "west": 80.1294877690906
        }
    },
    {
        "areaId": "143",
        "margins": {
            "north": 7.12169315434441,
            "south": 6.922601767705852,
            "east": 80.5689408940906,
            "west": 80.3492143315906
        }
    },
    {
        "areaId": "144",
        "margins": {
            "north": 7.12169315434441,
            "south": 6.922601767705852,
            "east": 80.7886674565906,
            "west": 80.5689408940906
        }
    },
    {
        "areaId": "145",
        "margins": {
            "north": 7.12169315434441,
            "south": 6.922601767705852,
            "east": 81.0083940190906,
            "west": 80.7886674565906
        }
    },
    {
        "areaId": "146",
        "margins": {
            "north": 7.12169315434441,
            "south": 6.922601767705852,
            "east": 81.2281205815906,
            "west": 81.0083940190906
        }
    },
    {
        "areaId": "147",
        "margins": {
            "north": 7.12169315434441,
            "south": 6.922601767705852,
            "east": 81.4478471440906,
            "west": 81.2281205815906
        }
    },
    {
        "areaId": "148",
        "margins": {
            "north": 7.12169315434441,
            "south": 6.922601767705852,
            "east": 81.6675737065906,
            "west": 81.4478471440906
        }
    },
    {
        "areaId": "149",
        "margins": {
            "north": 7.12169315434441,
            "south": 6.922601767705852,
            "east": 81.8873002690906,
            "west": 81.6675737065906
        }
    },
    {
        "areaId": "150",
        "margins": {
            "north": 6.922601767705853,
            "south": 6.723510381067295,
            "east": 79.9097612065906,
            "west": 79.6900346440906
        }
    },
    {
        "areaId": "151",
        "margins": {
            "north": 6.922601767705853,
            "south": 6.723510381067295,
            "east": 80.1294877690906,
            "west": 79.9097612065906
        }
    },
    {
        "areaId": "152",
        "margins": {
            "north": 6.922601767705853,
            "south": 6.723510381067295,
            "east": 80.3492143315906,
            "west": 80.1294877690906
        }
    },
    {
        "areaId": "153",
        "margins": {
            "north": 6.922601767705853,
            "south": 6.723510381067295,
            "east": 80.5689408940906,
            "west": 80.3492143315906
        }
    },
    {
        "areaId": "154",
        "margins": {
            "north": 6.922601767705853,
            "south": 6.723510381067295,
            "east": 80.7886674565906,
            "west": 80.5689408940906
        }
    },
    {
        "areaId": "155",
        "margins": {
            "north": 6.922601767705853,
            "south": 6.723510381067295,
            "east": 81.0083940190906,
            "west": 80.7886674565906
        }
    },
    {
        "areaId": "156",
        "margins": {
            "north": 6.922601767705853,
            "south": 6.723510381067295,
            "east": 81.2281205815906,
            "west": 81.0083940190906
        }
    },
    {
        "areaId": "157",
        "margins": {
            "north": 6.922601767705853,
            "south": 6.723510381067295,
            "east": 81.4478471440906,
            "west": 81.2281205815906
        }
    },
    {
        "areaId": "158",
        "margins": {
            "north": 6.922601767705853,
            "south": 6.723510381067295,
            "east": 81.6675737065906,
            "west": 81.4478471440906
        }
    },
    {
        "areaId": "159",
        "margins": {
            "north": 6.922601767705853,
            "south": 6.723510381067295,
            "east": 81.8873002690906,
            "west": 81.6675737065906
        }
    },
    {
        "areaId": "160",
        "margins": {
            "north": 6.723510381067294,
            "south": 6.5244189944287365,
            "east": 79.9097612065906,
            "west": 79.6900346440906
        }
    },
    {
        "areaId": "161",
        "margins": {
            "north": 6.723510381067294,
            "south": 6.5244189944287365,
            "east": 80.1294877690906,
            "west": 79.9097612065906
        }
    },
    {
        "areaId": "162",
        "margins": {
            "north": 6.723510381067294,
            "south": 6.5244189944287365,
            "east": 80.3492143315906,
            "west": 80.1294877690906
        }
    },
    {
        "areaId": "163",
        "margins": {
            "north": 6.723510381067294,
            "south": 6.5244189944287365,
            "east": 80.5689408940906,
            "west": 80.3492143315906
        }
    },
    {
        "areaId": "164",
        "margins": {
            "north": 6.723510381067294,
            "south": 6.5244189944287365,
            "east": 80.7886674565906,
            "west": 80.5689408940906
        }
    },
    {
        "areaId": "165",
        "margins": {
            "north": 6.723510381067294,
            "south": 6.5244189944287365,
            "east": 81.0083940190906,
            "west": 80.7886674565906
        }
    },
    {
        "areaId": "166",
        "margins": {
            "north": 6.723510381067294,
            "south": 6.5244189944287365,
            "east": 81.2281205815906,
            "west": 81.0083940190906
        }
    },
    {
        "areaId": "167",
        "margins": {
            "north": 6.723510381067294,
            "south": 6.5244189944287365,
            "east": 81.4478471440906,
            "west": 81.2281205815906
        }
    },
    {
        "areaId": "168",
        "margins": {
            "north": 6.723510381067294,
            "south": 6.5244189944287365,
            "east": 81.6675737065906,
            "west": 81.4478471440906
        }
    },
    {
        "areaId": "169",
        "margins": {
            "north": 6.723510381067294,
            "south": 6.5244189944287365,
            "east": 81.8873002690906,
            "west": 81.6675737065906
        }
    },
    {
        "areaId": "170",
        "margins": {
            "north": 6.524418994428737,
            "south": 6.32532760779018,
            "east": 79.9097612065906,
            "west": 79.6900346440906
        }
    },
    {
        "areaId": "171",
        "margins": {
            "north": 6.524418994428737,
            "south": 6.32532760779018,
            "east": 80.1294877690906,
            "west": 79.9097612065906
        }
    },
    {
        "areaId": "172",
        "margins": {
            "north": 6.524418994428737,
            "south": 6.32532760779018,
            "east": 80.3492143315906,
            "west": 80.1294877690906
        }
    },
    {
        "areaId": "173",
        "margins": {
            "north": 6.524418994428737,
            "south": 6.32532760779018,
            "east": 80.5689408940906,
            "west": 80.3492143315906
        }
    },
    {
        "areaId": "174",
        "margins": {
            "north": 6.524418994428737,
            "south": 6.32532760779018,
            "east": 80.7886674565906,
            "west": 80.5689408940906
        }
    },
    {
        "areaId": "175",
        "margins": {
            "north": 6.524418994428737,
            "south": 6.32532760779018,
            "east": 81.0083940190906,
            "west": 80.7886674565906
        }
    },
    {
        "areaId": "176",
        "margins": {
            "north": 6.524418994428737,
            "south": 6.32532760779018,
            "east": 81.2281205815906,
            "west": 81.0083940190906
        }
    },
    {
        "areaId": "177",
        "margins": {
            "north": 6.524418994428737,
            "south": 6.32532760779018,
            "east": 81.4478471440906,
            "west": 81.2281205815906
        }
    },
    {
        "areaId": "178",
        "margins": {
            "north": 6.524418994428737,
            "south": 6.32532760779018,
            "east": 81.6675737065906,
            "west": 81.4478471440906
        }
    },
    {
        "areaId": "179",
        "margins": {
            "north": 6.524418994428737,
            "south": 6.32532760779018,
            "east": 81.8873002690906,
            "west": 81.6675737065906
        }
    },
    {
        "areaId": "180",
        "margins": {
            "north": 6.32532760779018,
            "south": 6.126236221151622,
            "east": 79.9097612065906,
            "west": 79.6900346440906
        }
    },
    {
        "areaId": "181",
        "margins": {
            "north": 6.32532760779018,
            "south": 6.126236221151622,
            "east": 80.1294877690906,
            "west": 79.9097612065906
        }
    },
    {
        "areaId": "182",
        "margins": {
            "north": 6.32532760779018,
            "south": 6.126236221151622,
            "east": 80.3492143315906,
            "west": 80.1294877690906
        }
    },
    {
        "areaId": "183",
        "margins": {
            "north": 6.32532760779018,
            "south": 6.126236221151622,
            "east": 80.5689408940906,
            "west": 80.3492143315906
        }
    },
    {
        "areaId": "184",
        "margins": {
            "north": 6.32532760779018,
            "south": 6.126236221151622,
            "east": 80.7886674565906,
            "west": 80.5689408940906
        }
    },
    {
        "areaId": "185",
        "margins": {
            "north": 6.32532760779018,
            "south": 6.126236221151622,
            "east": 81.0083940190906,
            "west": 80.7886674565906
        }
    },
    {
        "areaId": "186",
        "margins": {
            "north": 6.32532760779018,
            "south": 6.126236221151622,
            "east": 81.2281205815906,
            "west": 81.0083940190906
        }
    },
    {
        "areaId": "187",
        "margins": {
            "north": 6.32532760779018,
            "south": 6.126236221151622,
            "east": 81.4478471440906,
            "west": 81.2281205815906
        }
    },
    {
        "areaId": "188",
        "margins": {
            "north": 6.32532760779018,
            "south": 6.126236221151622,
            "east": 81.6675737065906,
            "west": 81.4478471440906
        }
    },
    {
        "areaId": "189",
        "margins": {
            "north": 6.32532760779018,
            "south": 6.126236221151622,
            "east": 81.8873002690906,
            "west": 81.6675737065906
        }
    },
    {
        "areaId": "190",
        "margins": {
            "north": 6.126236221151622,
            "south": 5.927144834513064,
            "east": 79.9097612065906,
            "west": 79.6900346440906
        }
    },
    {
        "areaId": "191",
        "margins": {
            "north": 6.126236221151622,
            "south": 5.927144834513064,
            "east": 80.1294877690906,
            "west": 79.9097612065906
        }
    },
    {
        "areaId": "192",
        "margins": {
            "north": 6.126236221151622,
            "south": 5.927144834513064,
            "east": 80.3492143315906,
            "west": 80.1294877690906
        }
    },
    {
        "areaId": "193",
        "margins": {
            "north": 6.126236221151622,
            "south": 5.927144834513064,
            "east": 80.5689408940906,
            "west": 80.3492143315906
        }
    },
    {
        "areaId": "194",
        "margins": {
            "north": 6.126236221151622,
            "south": 5.927144834513064,
            "east": 80.7886674565906,
            "west": 80.5689408940906
        }
    },
    {
        "areaId": "195",
        "margins": {
            "north": 6.126236221151622,
            "south": 5.927144834513064,
            "east": 81.0083940190906,
            "west": 80.7886674565906
        }
    },
    {
        "areaId": "196",
        "margins": {
            "north": 6.126236221151622,
            "south": 5.927144834513064,
            "east": 81.2281205815906,
            "west": 81.0083940190906
        }
    },
    {
        "areaId": "197",
        "margins": {
            "north": 6.126236221151622,
            "south": 5.927144834513064,
            "east": 81.4478471440906,
            "west": 81.2281205815906
        }
    },
    {
        "areaId": "198",
        "margins": {
            "north": 6.126236221151622,
            "south": 5.927144834513064,
            "east": 81.6675737065906,
            "west": 81.4478471440906
        }
    },
    {
        "areaId": "199",
        "margins": {
            "north": 6.126236221151622,
            "south": 5.927144834513064,
            "east": 81.8873002690906,
            "west": 81.6675737065906
        }
    }
]